{"loss": 0.34447436135609943, "acc": 0.8742833333333333, "test_acc": 0.8215}