{"loss": 0.3650708875020345, "acc": 0.87075, "test_acc": 0.853}