{"loss": 0.3470693158149719, "acc": 0.87275, "test_acc": 0.8607}